{"cameraMode":{"drawMode":0,"name":"Shaded","section":"Shading Mode"},"sceneLighting":true,"audioPlay":false,"sceneViewState":{"m_AlwaysRefresh":false,"showFog":true,"showSkybox":true,"showFlares":true,"showImageEffects":true,"showParticleSystems":true,"showVisualEffectGraphs":true,"m_FxEnabled":true},"in2DMode":false,"pivot":{"x":23.500568389892579,"y":11.056354522705079,"z":0.9876353740692139},"rotation":{"x":-0.21049052476882935,"y":0.6146975159645081,"z":-0.17230038344860078,"w":-0.7411763072013855},"size":0.25481146574020388,"orthographic":false}