{"cameraMode":{"drawMode":0,"name":"Shaded","section":"Shading Mode"},"sceneLighting":true,"audioPlay":false,"sceneViewState":{"m_AlwaysRefresh":false,"showFog":true,"showSkybox":true,"showFlares":true,"showImageEffects":true,"showParticleSystems":true,"showVisualEffectGraphs":true,"m_FxEnabled":true},"in2DMode":false,"pivot":{"x":-8.290538787841797,"y":10.81755256652832,"z":18.440340042114259},"rotation":{"x":-0.014175951480865479,"y":-0.9837906360626221,"z":0.1422218680381775,"w":-0.11355271190404892},"size":0.21367503702640534,"orthographic":false}