{"cameraMode":{"drawMode":0,"name":"Shaded","section":"Shading Mode"},"sceneLighting":true,"audioPlay":false,"sceneViewState":{"m_AlwaysRefresh":false,"showFog":true,"showSkybox":true,"showFlares":true,"showImageEffects":true,"showParticleSystems":true,"showVisualEffectGraphs":true,"m_FxEnabled":true},"in2DMode":false,"pivot":{"x":21.39543914794922,"y":29.110637664794923,"z":-10.540233612060547},"rotation":{"x":-0.07687532156705857,"y":0.8717479705810547,"z":-0.14552603662014008,"w":-0.4617816209793091},"size":3.2325284481048586,"orthographic":false}