{"cameraMode":{"drawMode":0,"name":"Shaded","section":"Shading Mode"},"sceneLighting":true,"audioPlay":false,"sceneViewState":{"m_AlwaysRefresh":false,"showFog":true,"showSkybox":true,"showFlares":true,"showImageEffects":true,"showParticleSystems":true,"showVisualEffectGraphs":true,"m_FxEnabled":true},"in2DMode":false,"pivot":{"x":20.186756134033204,"y":8.608949661254883,"z":1.8368239402770997},"rotation":{"x":0.4542630612850189,"y":-0.510128915309906,"z":0.35932254791259768,"w":0.6367807388305664},"size":0.21441902220249177,"orthographic":false}