{"cameraMode":{"drawMode":0,"name":"Shaded","section":"Shading Mode"},"sceneLighting":true,"audioPlay":false,"sceneViewState":{"m_AlwaysRefresh":false,"showFog":true,"showSkybox":true,"showFlares":true,"showImageEffects":true,"showParticleSystems":true,"showVisualEffectGraphs":true,"m_FxEnabled":true},"in2DMode":false,"pivot":{"x":-51.443599700927737,"y":7.114115238189697,"z":7.183074951171875},"rotation":{"x":0.017447875812649728,"y":-0.7863490581512451,"z":0.019131051376461984,"w":0.6179607510566711},"size":24.001235961914064,"orthographic":false}